글로벌 펀딩 [기울어진 비누 받침대] 매일 새 비누처럼 사용하세요!,홈리빙,290,5817000,25
[무다리 안녕!] 다리에도 베개가 필요해요! 다리건강을 위한 부끼싹!,홈리빙,1879,18796000,18
반숙란에 상처를 내지 않은 수건의 비결은? 피부에 최적화된 [감동수건],홈리빙,1451,14512300,18
"퐁신퐁신~쉬폰같은 식감! 케이크에 단백질을 더한 프로틴케이크, 프레드",푸드,712,7126900,20
"""집사야, 함께 쓰는 것을 허락하노라"" 스툴하우스 FIKA",반려동물,1037,10372000,32
"[설선물배송] 2억 펀딩, 제철 고당도 제주 레드향, 1년을 기다린 앵콜",푸드,885,8856000,21
환경까지 생각하는 스크래쳐의 지존! -뽀떼 원형 스크래쳐 뽀-써클,반려동물,370,3704600,13
"요새 일잘러는 다 이거 써요, 궁극의 생산성도구 ""노션"" 뽀개기!",교육·키즈,871,4355550,20
"[1억 앵콜] 더욱 완벽해져서 돌아왔다! 카드지갑의 대명사, 팬텀월렛 2",패션·잡화,242,7261000,32
[골든밀크] 카페인 없는 '밭에서 나는 황금'을 라떼로 마실 수 있다면?,푸드,366,1832000,18
[천연 다이아몬드] 두 손을  맞잡아 영원을 약속하는 반지,패션·잡화,1385,6926800,12
이게 이런것도 들어가?? 수납공간의 재발견  도시인 생활백서 지갑,패션·잡화,327,1635000,21
[앵콜] 벨트는 오래 가는 고품질 소가죽 벨트로 준비하세요,패션·잡화,105,1059000,5
"굽어 있는 목, 허리를 곧게 늘려주세요! 고드니",홈리빙,320,9627600,32
"50년 양봉가 아버지의 스윗함을 담은 천연꿀 3종,맛도 감사허니[허니빠]",푸드,257,1285500,18
한 번 드셔보면 다릅니다!! 그 이유는 맛에서 있습니다 ,푸드,457,2286000,8
[따솜베드] 추운겨울 우리 댕냥이들을 위한 반려동물 온열침대.,반려동물,231,3470000,8
"[댕댕이 신박템] 온도조절O, 열선Xㅣ혹한기 산책 걱정 없는 발열 패딩",반려동물,187,936000,5
[앵콜 평점 4.9 ]수분 600% 증가! 겨울내내 고보습 비건 스킨케어,뷰티,161,806000,18
진드기 없는 쾌적한 우리집! 진드기캐치홀,홈리빙,40,614400,30
"""반려동물의 시간을 생각한다면"" 올 연말, 커플목도리와 기념사진",반려동물,179,1793000,11
아직도 파스 찾아?시원하고 촉촉한 GRACEMUN 티티밤 한번 발라봐! ,뷰티,42,213600,13
알고 싶고 보고 싶은 #무중력 바디 기린목 확대경 ,테크·가전,18,1889000,32
[ 24K 금장미 박스 | 웨딩부케 ]  사랑과 감사를 표현하는 선물,패션·잡화,217,1088000,25
"[세상을 바꾸는 나비효과] 지구를 살리는 가방, 세븐데이",패션·잡화,102,1020000,25
특허받은 양면 카본 열선 자켓 조끼로 극한추위에도 견디다!! ,패션·잡화,62,624500,8
[하이브리드 백팩 최초 출시!] 히말라야 14좌 완등 전세계 유일 브랜드,패션·잡화,51,681250,20
[앵콜펀딩] 재료에 물만 들어간 식품첨가물0% 방부제0% 카카토 대용량,반려동물,39,396500,19
2020년에는 합격과 출세를 기원하는 천연 루비원석 쥬얼리를 착용해보세요,패션·잡화,86,433000,14
고양이캐노피 캣티오,반려동물,44,895000,8
"책이 말을 걸어올 때, 멘토박스",공연·컬쳐,25,129500,20
반차 쓰고 가자! 평일에 가볍게 떠나는 [양평] 당일치기 투어!,여행·레저,20,205000,6
환경과 디자인 모두 생각하고 만들겠습니다. 러브투 목도리.,패션·잡화,19,135000,19
하이브리드 천연라텍스 3인소파 겸 싱글침대,홈리빙,11,1705000,33
꽃이 필 때까지 그대와 함께하는 단 하나의 옷.[베클랑],패션·잡화,7,750000,25
[반려인 It tem] '가방도 펫션이다' 두 손이 자유로운 외출 필수품,반려동물,33,166800,44
필라테스를 아는사람이 만듭니다. 이제 어렵지 않게 홈 리포머 하세요.,스포츠·모빌리티,10,649000,26
내 아이가 발레리나가 됩니다. 디자이너가 만드는 아동 발레복 레아드블랑,패션·잡화,4,72000,26
담액수경재배한 새싹삼과 새싹마늘 ,푸드,2,24500,41
매일 매장에서 정성껏~ 직접 만드는 수제베이커리 파이샵!,푸드,0,0,21
스포츠 전문 브랜드에서 남들과 다른 나만의 커스텀 신발을 제작해보세요~!,패션·잡화,0,0,31
나에게 전하는 한마디. 목걸이에 담아 간직하세요. 레터링 실버 목걸이,패션·잡화,0,0,19
아이들을 도와주는 맨투맨,패션·잡화,0,0,8
[글로벌 5억] 100년간 변하지 않은 와이퍼의 혁신ㅣ킴블레이드,스포츠·모빌리티,440,220135500,1
"써 본 마스크 중 최고네요. 성능도, 착용감도 저세상급<세컨드스킨마스크>",패션·잡화,10977,109779100,15
단 한번의!! 키트로 어떤 치아든 쭉- 하얗게!![깎지않는 블링키트],뷰티,5414,27074400,18
[4차앵콜]휴대용 안경닦이 포켓클리너! 어디에서나 가볍고 심플하게,디자인소품,5048,25241800,18
[2.8억앵콜] 2만원대 화제의 가성비갑 유닛백2 with 신상 트래블백,패션·잡화,8143,81438900,18
